,label,text,category,original_id,predicted_label
8040,neutral,@JetBlue well mine sure aren't anything to write home about!,0,8040,2
9001,neutral,@USAirways that is certainly not the impression she's under.,0,9001,2
8578,neutral,@JetBlue @pilyoc dont talk about my friend @JetBlue like that. #thefutureisweird,0,8578,2
1581,neutral,@united flight to DFW from IAD Cancelled Flightled for mechanical can I get rental car to MDT-my origin,0,1581,2
12431,neutral,"@AmericanAir and @CVGairport get it together, perfect combination for delays and Cancelled Flightlations",0,12431,1
3649,neutral,@united Hi guys. I submitted a request for ticket/hotel reimbursement for a delayed/over night stay coming back from the Dominican. Help?,0,3649,2
6903,neutral,“@JetBlue: Our fleet's on fleek. http://t.co/BBM6PAbORt” &lt;&lt;Now THAT is fuckin funny. 😂,0,6903,2
10816,neutral,@USAirways sure did. I have carried this bag on numerous times on the same style plane. Planning accordingly apparently accounts for nothing,0,10816,2
3791,neutral,@united Cancelled Flighting. bought a ticket for a friend but cant get the credit under my name,0,3791,2
12854,neutral,@AmericanAir We've sent you more info via DM.  I truly hope you resolve this very quickly. #media #filmcrew #cnn #nbc,0,12854,2
6093,neutral,"@SouthwestAir So there were 134 early-bird check-ins, because I was told there were no flythroughs? Good flight, otherwise ~",0,6093,2
6115,neutral,@SouthwestAir i cant look up my confirmation number at the moment on mobile. the email is no longer in my inbox,0,6115,2
6519,neutral,@southwestair TREMENDOUS job. Atlanta Airport saw SW celebrate Mardi Gras. Another reason I'm nuts for you guys! http://t.co/8WBzOrRn3C,0,6519,1
7461,neutral,@JetBlue I usually do-but I didn't make the Flight Booking Problems this time-that'll teach me! Yea I have that going for me at least haha,0,7461,1
6180,neutral,@SouthwestAir how come on mobile I can't proceed w/o entering a postcode at purchase. I'm from Ireland and I don't have a postcode just.,0,6180,2
4343,neutral,@SouthwestAir I have been on hold for over 28 minutes  please help http://t.co/Fx9BIJlxAt,0,4343,2
9064,neutral,"@USAirways Thank you, although we're using our miles from our card and Flight Booking Problems companion tickets which can only be booked over the phone.",0,9064,2
6687,neutral,@SouthwestAir damn weather messing up everything #serenitynow,0,6687,2
8434,neutral,@JetBlue Marks 15th Year With 'Bluemanity' Plane Design - http://t.co/E5NaxBUe4s http://t.co/KlxivnbCYh,0,8434,1
3380,neutral,@united still waiting for a response on whether or not you allow use of a rear facing car seat on an ERJ145.,0,3380,2
5846,neutral,@SouthwestAir to the rescue. Sundown in Chicago. Next stop San Antonio! http://t.co/rQBpmwETtq,0,5846,1
4471,neutral,"@SouthwestAir- ...was only less than 3500pts, but it helped. Had PartnerRewards incoming, but not fast enough to keep pts from expiring.",0,4471,2
7902,neutral,@JetBlue thanks anyways @SouthwestAir has my back! Awesome rate &amp; amazing customer service #nomoreaggravation,0,7902,1
6372,neutral,@SouthwestAir I'm trying to get home to Nashville. I've been stuck in Dallas 2 days will my flight get out in the morning,0,6372,2
7386,neutral,@JetBlue Think about it...boarding to a chill untz untz untz....like this http://t.co/lj2lARivE0...,0,7386,2
11962,neutral,@AmericanAir - keeping AA up in the Air! My crew chief cousin Alex Espinosa in DFW! http://t.co/0HXLNvZknP,0,11962,1
3804,neutral,@united please help! Left my iPad Air 2 on my flight from NYC to Paris yesterday and can’t get in touch with anyone locally. What to do?,0,3804,2
11143,neutral,@USAirways @OBJ_3 even airlines are scheming to get a follow from OBJ LMAOOO 😂😂😂😂,0,11143,2
14428,neutral,@AmericanAir just downloaded the app for iPhone.  Notice drink coupon but nothing is displayed?  Getting ready to fly...,0,14428,2
7603,neutral,"@JetBlue I hear you and safety is #1! I think we can get to JFK though now so let's help the pilots, passengers &amp; crew get there safely!",0,7603,1
6275,neutral,@SouthwestAir I've never met my favorite band and it would be sooo amazing to win destination dragons.,0,6275,1
6136,neutral,YO! @InternJohnRadio @mrerickv  give @SouthwestAir their plane back.  They're mad &amp; threatening to take away my Companion Pass. #Luv,0,6136,2
4687,neutral,"@SouthwestAir understand the weather, these kids need to get home! Nice kids doing volunteer work from a RI high school, please help",0,4687,1
8768,neutral,@JetBlue all up to date. Can't update via Google play.,0,8768,2
12867,neutral,@AmericanAir well I'm flying @JetBlue instead - for free! Their credits actually work.,0,12867,1
9603,neutral,@USAirways thank you for the apology,0,9603,1
7030,neutral,“@JetBlue: Our fleet's on fleek. http://t.co/Q16Xvwg0L6” .... I have to refrain what I want to say,0,7030,2
681,neutral,"@united booked award tix on ThaiAirways but I'm not seeing a conf# for them, just the United Flight Booking Problems#. Can you get get the Thai# for me?",0,681,2
11760,neutral,@USAirways please please please let my plane back to the gate so I can get off as I will miss connection due to CLT closing. 2034,0,11760,2
14501,neutral,@AmericanAir I've been trying to change frm AA 2401 to LAX at 6:50am MONDAY morning then AA 2586 from LAX to FAT to flight AA 1359?#helpAA,0,14501,2
8576,neutral,@JetBlue this feels nice - what we've got going on here. Let's just swap me out with the fool in 5a and we can make it all better.,0,8576,1
7789,neutral,@JetBlue Hey! Check it out!! It's snowing in Boston. Who could have predicted such a thing?! http://t.co/ufyxXkIsa3,0,7789,1
5844,neutral,@SouthwestAir Any way you can help with entry to Vegas event? My Boyfriend &amp; I have been @Imaginedragons fans since 2009. They are awesome!,0,5844,1
4524,neutral,@SouthwestAir should offer cdn border towns incentive to fly since exchange rates are #hurt. #customerappreciation #gaincustomers #keepem2,0,4524,2
7982,neutral,@JetBlue Thank you.,0,7982,1
9279,neutral,"@USAirways  I need to email customer service for help and a question, can you please provide the email address?",0,9279,2
3211,neutral,@united your flights are really cheap what's the catch,0,3211,2
7823,neutral,@JetBlue so yesterday a flight I wanted to Chicago was on sale within my points range and today it isn't. Any way you guys can still honor,0,7823,2
5920,neutral,@SouthwestAir Thanks I get that. It looks like all BWI-SJD services stops after Aug 7. Is that the case? I cant find one date with flights.,0,5920,2
13068,neutral,"@AmericanAir but my friend was told she was able to use her credit with the airline towards one of my flights, then was told she couldn't.",0,13068,2
10905,neutral,@USAirways made it.. Never ran so fast in my life,0,10905,1
7,neutral,"@VirginAmerica Really missed a prime opportunity for Men Without Hats parody, there. https://t.co/mWpG7grEZP",0,7,2
14021,neutral,@AmericanAir why is it most first class passengers now request the sand which from coach ?,0,14021,2
5273,neutral,@SouthwestAir fortunately didn't have to. The flight took off on time.,0,5273,1
12865,neutral,@AmericanAir basically u right now http://t.co/IN24Bpb7dw,0,12865,2
4296,neutral,@united all day travel. #swag #ijustwanttosleep,0,4296,2
3518,neutral,@united I filled out the form but I haven’t received any sort of email confirmation that it’s been received. Is that normal?,0,3518,2
12655,neutral,@AmericanAir the Late Flightst usair4603. Earlier 4591,0,12655,2
7643,neutral,@Jetblue I'm so sorry I cheated on you with @Delta @DeltaAssist. Please take me back. I wore protection.,0,7643,2
4628,neutral,@SouthwestAir #Vegas I was there 5 days ago. Miss the  Warm Weather,0,4628,2
9205,neutral,@USAirways thank you.,0,9205,1
5295,neutral,@SouthwestAir I never got my flight confirmation. I've been on hold for an hour and I can't get info online. What am I to do?,0,5295,2
5977,neutral,@SouthwestAir Can someone rebook me? Please direct message me.,0,5977,2
14380,neutral,@AmericanAir your message was delayed I just responded,0,14380,2
4171,neutral,@united Currently on standby to Lax then it is a 2 hour ride to Palm Springs. Long day starting at a snowy 3:30 am in philly.,0,4171,2
8621,neutral,@JetBlue  I'm game if you're buying!!  ;),0,8621,1
7074,neutral,@JetBlue lol the fleet on fleek... i see yall ballin... new jets on deck..,0,7074,1
805,neutral,"@united My post was just more of disappointment.  I'm a frequent United flyer, it was a simple ??.  1 bad apple doesn't spoil the bunch.",0,805,2
3247,neutral,@united in Bogota with no wallet is no fun. :-(,0,3247,2
13295,neutral,@AmericanAir why is it from June 1 thru December 31 there are no bus/first milesaaver awards available from cun to nyc? #Explain #whyfly,0,13295,2
4871,neutral,@SouthwestAir companion pass please!,0,4871,1
5004,neutral,"@SouthwestAir check the head of the plane, there has been dynamite placed onto it",0,5004,2
12275,neutral,"@AmericanAir 
Thank you for responding...My laptop is in my bag and I need it for work. I am worried. The file code is UTEVGW.",0,12275,2
3629,neutral,"@united @staralliance Very nice at LHR, congrats, but I'm sticking with AA/#BA. @AmericanAir @British_Airways",0,3629,1
4310,neutral,@united how much does it cost to check in an additional bag? Traveling from newark to glasgow. Thank you :),0,4310,1
4820,neutral,@SouthwestAir I know that not everybody on flight can be 1st time flying. But in case it is people in front deplane 1st not from the back?!?,0,4820,2
8945,neutral,"@JetBlue no, I am fine to fly! Haha, they come at random, with the hemophilia, but what if i need extra assistance",0,8945,2
12658,neutral,@AmericanAir Can I use an SWU on an Finnair codeshare of an American operated flight (JFK-MAN)?  Thanks in advance for the help!,0,12658,1
4421,neutral,@SouthwestAir Barzegar charges tourists 700 euros [!] a night for their stay in the tent village he runs. http://t.co/igSVzvrbbN,0,4421,2
1563,neutral,"@united can I get on a stand by list from ASE to ORD? I'm the only poor person in Aspen, that's why I'm asking for standby on twitter.",0,1563,2
7036,neutral,Who did this?!?!“@JetBlue: Our fleet's on fleek. http://t.co/kHZrCCyp2A”,0,7036,2
2906,neutral,@united thanks. That means I have 30 minutes to make my international connection to HKG,0,2906,1
4062,neutral,"@united Some 3rd party service known as EZEE flights. A man, who confirmed he was born in India, told me his name was Steve Wilson.",0,4062,2
6356,neutral,@SouthwestAir Thanks for reminding me about my upcoming trip to Florida but you really didn't need to... http://t.co/p6r5rt5Ow5,0,6356,2
3008,neutral,@united Based on suggestions from other passengers I have a rental car on standby for 11:30.  One way or another will be leaving then.,0,3008,2
11137,neutral,@USAirways no problem...just funny have a nice day,0,11137,1
2707,neutral,@united it's done.  If you do something to make up for it I'll tweet that too.,0,2707,1
13440,neutral,"@AmericanAir I hear #Delta is offering 2,500 miles to frequent flyers if their bags doesn't come out within 20 minutes of landing thoughts?",0,13440,2
8414,neutral,@JetBlue I would go to Dallas to see my grand baby that I miss so much. I feel like a piece of my heart is there.,0,8414,1
4255,neutral,@united Is there a direct number to call to request a refund?  Its telling me its not valid as I changed the ticket.  No number on site,0,4255,2
1100,neutral,@united fails again. @SouthwestAir saves the day.,0,1100,2
13217,neutral,@AmericanAir this receipt doesn't show the evoucher value nor does it mention having used an evoucher,0,13217,2
6286,neutral,@SouthwestAir @love_dragonss LAUREN IM SCREAKJMF,0,6286,1
9770,neutral,"@USAirways @GregWallace66 Yea, they will give you 5 cents on the dollar!",0,9770,2
2949,neutral,@united 129 thousand fans of @JedediahBila are asking you to give her your utmost effort to get her a safe flight with her baggage soon!,0,2949,2
12396,neutral,@AmericanAir  Yes I do bit you don't follow me so I can't DM you,0,12396,2
4424,neutral,@SouthwestAir live in Atlanta but cant enroll in your Atlanta companion promotion. Error every time. Can you help? Also sent email. Thanks!,0,4424,2
6836,neutral,@JetBlue A month ago I had a flight booked but then had to Cancelled Flight it... I'm now Flight Booking Problems a separate flight for a different occasion.,0,6836,2
8021,neutral,@JetBlue saving my sanity. Leaving it behind for sunshine. #escape #FL #bliss #travel #InDenial #WhatFrozenPipes http://t.co/6TtzEJV3hY,0,8021,1
7193,neutral,@JetBlue Gerne :),0,7193,1
9686,neutral,@USAirways and @AmericanAir aren't as merged as the marketing departments would have us believe. Maybe @Delta or @united can get me home?,0,9686,2
2658,neutral,@united I am going to a service desk now to see what the options are.,0,2658,2
13163,neutral,@AmericanAir I need some help. My record locator is bringing up TWO different flights in your system. One op by AA &amp; one from US Airways.,0,13163,2
2776,neutral,@united Lindsay and ??.  Darn.  Terrible memory on my part.  I know they are headed back to IAD and then PIT tonight.,0,2776,2
7864,neutral,"@JetBlue Port-Au-Prince, Haiti for continued food distribution, medical supplies, &amp; orphan care!  #flyingitforward http://t.co/fn2QXybT9K",0,7864,1
11063,neutral,"@USAirways http://t.co/AXRYeIWzh0, vuelo24.es, vuelos24.es sell too cheap MAD-NYC with USAirways. Are they trusted webs or is it a scam?",0,11063,2
6956,neutral,"@JetBlue Im just saying change can be amazing, like Miami. 😉",0,6956,1
5077,neutral,"@SouthwestAir better travel photos:
My Kindle e-book Easy Tips guide http://t.co/7dM2J8H97M:
http://t.co/xeDeckGMW5 http://t.co/frGhglMkqF",0,5077,1
5641,neutral,"@SouthwestAir So that's what happens when your power level goes over 9,000... feet in the air.",0,5641,2
3646,neutral,@united ^JT is the ORD to PHL flight at 9:15 PM (CDT) delayed? DM I'm kinda hoping not to be stranded at ORD either.,0,3646,2
5591,neutral,"@SouthwestAir left behind iPad Air on flight 505 from Bradley to BWI, plane had already left by the time I realized. Can you possibly help?",0,5591,2
6740,neutral,@SouthwestAir Is it a temporary site glitch or are you no longer offering flights from GRR to GEG after Feb? Can't find any online :(,0,6740,2
4694,neutral,"@SouthwestAir Thanks, Lindsey. Any idea when I'll get there?! Stuck in Denver and told to ""listen to the intercom better"".",0,4694,2
5734,neutral,@SouthwestAir I would love to go to the #DestinationDragons @ImagineDragons show tomorrow in Utah at @VelourLive! I've been trying so hard.,0,5734,1
9010,neutral,@USAirways we even offered to fly in to another airport and they said they couldn't do that. No explanation why they can't.,0,9010,2
60,neutral,@VirginAmerica @ladygaga @carrieunderwood Julie Andrews first but Lady Gaga wow'd me last night. Carrie? Meh.,0,60,1
5715,neutral,@SouthwestAir #DestinationDragons iD is my favorite band and i met my 2bestfriends thanks to them! it would be life changing to see them!,0,5715,1
5695,neutral,@SouthwestAir  flying Southwest for the first time to LGA with a layover in Atlanta!,0,5695,1
8421,neutral,@JetBlue how can we get help with a hotel we booked with you and are having issues with.,0,8421,2
2669,neutral,"@united I have such a love hate relationship with you. Some days you're good, the others you are so terribly awful its saddening",0,2669,2
4443,neutral,@SouthwestAir hey southwest! Help me find a flight from Nashville - Washington DC or Raleigh for under $150 on March 15 please!,0,4443,2
7170,neutral,@JetBlue no. come on.,0,7170,2
12895,neutral,@AmericanAir I've tried...its @USAirways anyway,0,12895,2
7159,neutral,Please don't. RT “@JetBlue: Our fleet's on fleek. http://t.co/gdzadXzBYA”,0,7159,2
5266,neutral,@SouthwestAir microsecond too Late Flight so very very sad 😂😂😂😂😂😭😭😭😭😢😢😢😢,0,5266,2
6793,neutral,"@JetBlue many thanks, as always your employees are professional and courteous. Whenever I have the option, you are my go-to airlines.",0,6793,1
4153,neutral,@United Airlines' CEO Jeff Smisek: Disloyal to Loyal Workers http://t.co/0cevY3P42b via @HuffPostBiz,0,4153,2
813,neutral,@united I hope so too,0,813,1
6877,neutral,@JetBlue try harder. Take a winners attitude to your work.,0,6877,2
3900,neutral,@united leisure. Military personnel for safety reason R highly recommended to not travel in uniform,0,3900,2
1312,neutral,@united any chance flight 3745 is being delayed??  nervous about driving to DFW in this weather to drop off my brother,0,1312,2
3313,neutral,@united Just got interrogated at the United Club Chicago. #UnitedAirlines #rude #PoorForm,0,3313,2
10074,neutral,@USAirways My hubby has a 5hr layover in DFW fm the cxl'd flt. Pls help get him home sooner if you can! Any room on S/by 2 BWI or PHL today?,0,10074,2
2014,neutral,@united it can't be delivered. It has to be held there for me to cross the border to pick up. Please don't try to deliver.,0,2014,2
400,neutral,.@VirginAmerica If only you guys were starting those flights at the end of the month! Guess I’m still road tripping on Feb 27…,0,400,2
3061,neutral,@united just kidding with you I'll send you my stuff now. Thanks,0,3061,2
748,neutral,@united I sent in my feedback.  Thank you.,0,748,1
6282,neutral,@SouthwestAir @love_dragonss LAUREN HoLY SHT,0,6282,1
7203,neutral,@JetBlue ...and when did your legal department start running your social media channels?,0,7203,2
8295,neutral,@JetBlue should I check in my awesome bag on my flight or carry it on... Decisions...,0,8295,2
12359,neutral,@AmericanAir we're all being told by emergency services to stay home for the next 24-48 hours.,0,12359,2
11995,neutral,@AmericanAir thanks!,0,11995,1
6032,neutral,@SouthwestAir Please bring back RDU to FLL direct route!  I noticed it is missing starting in Late Flight August!  The flights are always packed!,0,6032,2
989,neutral,"@united Thank you, ^JH, appreciate the prompt responses--me and other passengers will be doing so.",0,989,1
8102,neutral,@JetBlue Just signed up for TrueBlue and booked a flight but keep getting an error when I try to link it to my TB account. What's the deal?,0,8102,2
1725,neutral,@united...do you still have flat tire policy.  Shuttle broke down on way to ORD.  Will probably miss the 425pm to CLE...Help please!!,0,1725,2
6965,neutral,"@JetBlue my mom always said to never settle. If your chips ain't blue, you just won't do.",0,6965,2
5327,neutral,@SouthwestAir k thanks :),0,5327,1
13957,neutral,@AmericanAir Still looking as we speak.,0,13957,2
13272,neutral,"@AmericanAir Thank you, but I'll be Cancelled Flighting my return flight, as I've already rebooked with another airline so I can get home today.",0,13272,2
8245,neutral,@JetBlue Guess I'll wait another 24 hrs in hopes rate goes down &amp; is more reasonable. Fingers crossed. Cutting it close to my travel dates.,0,8245,2
482,neutral,"@VirginAmerica Dear Virgin customer, while you're stranded in SF for 3 days &amp; $1000cost- we'll do the very least we can to accommodate you!",0,482,2
2821,neutral,@united this is for a check-in luggage. Employee told me not to include wheels in the dimensions.,0,2821,2
3667,neutral,"“@united: @ItsAaronChriz Sorry to hear about your flight. Do you need help reFlight Booking Problems?”

👎",0,3667,2
6278,neutral,@SouthwestAir @love_dragonss AHHHH YES LAUREN,0,6278,1
6087,neutral,@SouthwestAir only 1 guest needs to change a flight on a reservation of 2. How can I do it? I NEED this to happen. Say it can...Please help!,0,6087,2
8681,neutral,@JetBlue deal!,0,8681,1
4271,neutral,@united thank you!!!!! And next flight to Durango then driving to Farmington New Mexico for work! But hitting the slopes in Durango!,0,4271,1
9914,neutral,@USAirways Y'all need to get it together,0,9914,2
4739,neutral,"@SouthwestAir @ClinicPolly 
Thank you-- I may have already responded but was 8UXZJ2",0,4739,1
14010,neutral,@AmericanAir Please help AA 2258 Monday Cancelled Flightled.  Can you advise on reFlight Booking Problems / refund.  Have children and need to make plans now,0,14010,2
14441,neutral,@AmericanAir where do I look for cabin crew vacancies?,0,14441,2
14469,neutral,@AmericanAir  hung up on now many times trying to cal 8004337300 crazy,0,14469,2
4447,neutral,@SouthwestAir Thank you!,0,4447,1
6963,neutral,@JetBlue everyone is overreacting. Keep up your swag!,0,6963,2
387,neutral,@VirginAmerica a brilliant brisk am in Boston in cue for vx363 http://t.co/rMZNIVGmg6,0,387,1
11197,neutral,@USAirways skys r sunny air is cold I can't wait to get to #CLT,0,11197,1
9819,neutral,"@USAirways sorry, we are in Philly. Should've told you that.",0,9819,2
6926,neutral,"@JetBlue No, it's weird!! I picked other cities just to test, those worked...not the one I want. Works on phone though, so I'll use that.",0,6926,2
2067,neutral,@united all set. Figured it out at the baggage office!,0,2067,1
7382,neutral,@JetBlue finally! Finally!,0,7382,1
5529,neutral,@SouthwestAir OMG OMG OMG !!! I JUST DID!!,0,5529,1
5983,neutral,@SouthwestAir question all.  When will I receive my yearly bonus point accumulation? I think it's around now but not sure.  Thanks! :),0,5983,1
9036,neutral,"@USAirways I left my personal stuff on US4551 from PHL-BOS about an hour ago. Went baggage, was told plane left to call 800#",0,9036,2
11531,neutral,@USAirways tell reservations to rebook me from 5080 to 5129,0,11531,2
1310,neutral,@united Thanks. Got it straightend out last night.,0,1310,1
2375,neutral,@united since UA 1226 ORD-EWR is delayed pushing it into meal time does that mean it will be catered with meals in First?,0,2375,2
3688,neutral,"@united, Understandable. I did try Flight Booking Problems several times for 2 passengers &amp; got the messages I mentioned before. As for the agents price???",0,3688,2
4636,neutral,@SouthwestAir how do get priority seating after you already paid for the flight,0,4636,2
14011,neutral,@AmericanAir DM sent. Answer me please,0,14011,2
13822,neutral,@AmericanAir online flight notification is down.,0,13822,2
1921,neutral,@united why de-ice before taxing? Maybe it #makestoomuchsense ? #shouldhaveflowndelta #unitedsucks @Delta @SouthwestAir @AmericanAir,0,1921,2
1370,neutral,@united you'll be hearing from me for sure.,0,1370,2
5559,neutral,@SouthwestAir aren't you based in Chicago? Why are you doing a hunt in LA and not your home city????!! Please bring one home,0,5559,2
420,neutral,@VirginAmerica is helping me step up my @Tinder game! #TinderTips #tinderchamp http://t.co/jBmVVha63A,0,420,1
8822,neutral,@JetBlue     Is it only $50 for my 2nd bag?  1st bag too full..,0,8822,2
3539,neutral,"@united Okay, thank you both.",0,3539,1
3853,neutral,@united You please do not burn my dreams !!!  #burningman tickets sales today.,0,3853,2
6819,neutral,@JetBlue I was returning from @FoodNetwork #SOBEWFF so I had limited carry on space in my tummy. Next flight I'll try that snack!,0,6819,2
7130,neutral,@jetblue who's running your tweeter using the word fleek?,0,7130,2
7423,neutral,@JetBlue the fact that #ChrisHasMadeUsBLUSH isn't trending is how you know I'm loyal ;),0,7423,1
6574,neutral,@SouthwestAir Thank you. The email about RR pts &amp; how to gain more wasn't clear so all of mine r gone. Anything u can do is appreciated.,0,6574,2
6041,neutral,@SouthwestAir Thanks! Will do,0,6041,1
12543,neutral,"@AmericanAir we then had to deplane, and change planes.",0,12543,2
13070,neutral,@AmericanAir well you spelled my name wrong.,0,13070,2
7851,neutral,@JetBlue the you above all commercials? Like the legroom one,0,7851,1
330,neutral,@VirginAmerica Debbie Baldwin gave a #rockstar performance of the safety demo this evening on VX919 #LAS2SFO #BestCrew #SheRocks,0,330,1
6798,neutral,@JetBlue Airline trouble this winter &amp; not getting good customer service? contact http://t.co/aQjn4HwNaC  we negotiate resolutions for You!,0,6798,2
4696,neutral,"@SouthwestAir easy fix, let the business select actually board 1st, then board the pre-boards...",0,4696,2
6638,neutral,@SouthwestAir Already rebooked for tomorrow. Fingers crossed!,0,6638,2
10820,neutral,@USAirways it's vegas baby who doesn't have a good time in vegas lol,0,10820,2
8147,neutral,"@JetBlue using A321 JFK-SEA for Summer 2015. It will be my first A321 flight ever! No Mint to Seattle, Core Config only.",0,8147,2
12418,neutral,@AmericanAir Amazing to watch @chasefoster (who travels with celebs all over the world) show the youth of America who *not* to fly with.,0,12418,1
5008,neutral,@SouthwestAir yeah it happens. The PHX airport has extra long waits all spring long. Something locals know but tourist don't just FYI,0,5008,2
12598,neutral,@AmericanAir no not yet. Waiting to be connected to an agent,0,12598,2
4293,neutral,@united actually we did not consider she might have made a mistake. She did not complain beyond that she indicated it on her reservation.,0,4293,2
6204,neutral,@SouthwestAir 8FKQW is the conf #. Thanks for the reply,0,6204,1
5876,neutral,"@SouthwestAir CEO Gary Kelly, ""You all are absolutely my heroes!"" #SouthwestRally #BWI #bestemployees #swaculture http://t.co/JTxyHQHfJJ",0,5876,1
4672,negative,@SouthwestAir hooking us up and getting us to Tampa after our flight was Cancelled Flightled this morning #grateful #businesstrip,2,4672,1
4278,negative,@united feck guys. Stop Cancelled Flightling flights from EWR to RIC the weather is fine I both locations!!!,2,4278,1
13005,negative,@AmericanAir on Feb. 15th your rep gave me the record locator and told me I'd be receiving an email with the itinerary and confirmation.,2,13005,0
509,negative,@united Your ERI-ORD express connections are hugely popular .. now if only we could have an ERI-EWR hop! :),2,509,1
13853,negative,"@AmericanAir Hey AA, a suggestion: Note on your seat maps what seats have electronics box blocking legroom. AA215 http://t.co/hcNN0wXQQr",2,13853,0
6390,negative,@SouthwestAir I left my iPad on my flight 1831 from ERW to DEN. I opened claim 442998. It has so many memories on it. Plz help get it back.,2,6390,0
8786,negative,@JetBlue ticket issued whilst delivering your customers.,2,8786,0
3286,negative,@united Can you transfer my bags too?,2,3286,0
7606,negative,"@JetBlue  hmmm it says im following you. We just got de-iced, but still haning around for the runway to clear..",2,7606,0
530,negative,"@United the internet is a great thing.  I am emailing executives in your company, maybe they will respond to me in a timely manner.",2,530,1
14094,negative,@AmericanAir The wine served in USAirways flights are watered down somehow right out of the bottles.,2,14094,1
5743,negative,"@SouthwestAir you do a great job of achieving that at most cities, just not at BWI.",2,5743,1
5331,negative,@SouthwestAir same here. Would appreciate a follow so I can DM my info to figure out what I am supposed to do.,2,5331,0
8862,negative,"@JetBlue 
Apparently not.",2,8862,0
2277,negative,"@united yes, after landing at 930pm last night. Spoke to 10 baggage claim customer service reps. Finally spoke to one amazing ticket agent.",2,2277,1
7250,negative,@JetBlue flight was two days ago. Flight 1918 from POS.,2,7250,0
11435,negative,"@USAirways booked an award ticket recently, now same ticket is less miles. how do I contact you without using the online form or phone?",2,11435,0
3624,negative,@united I'm asking if you can simplify the communications- thx,2,3624,0
541,negative,@united #Newarkliberty Airport need to indicate different gate#'s for terminals A&amp;C. #Flyingainteasy,2,541,0
5791,negative,"@SouthwestAir it'd be nice if I could get an answer, even a simple ""no"" would do; I just want to know. :)",2,5791,0
2454,negative,@united send someone to the customer service counter in person. DIA concourse B across from gate B36a.,2,2454,0
1929,negative,@united I would like your baggage damage number as well! Another great thing from your 'trained' staff! Whats the number please.. Claim time,2,1929,1
1084,negative,@united Would be helpful if you could refresh boarding time info on boarding passes for delayed flights,2,1084,0
12411,negative,"@AmericanAir having trouble Flight Booking Problems a seat on US84 11 March, operated by AA. Neither airline's website will allow seat selection?",2,12411,0
7996,negative,Well lets see.  You could pay for my Negroni with bitcoin. @JetBlue,2,7996,0
10709,negative,@USAirways Already tried. How about Conf # via DM,2,10709,0
5159,negative,@SouthwestAir my rating for Southwest -9 on s scale of 1 to 10,2,5159,0
11615,negative,@USAirways not too impressed with your airlines but I would feel a lot better flying with if you upgraded me up to first class tomorrow,2,11615,1
859,negative,@united GRK13575M is the file reference,2,859,0
6906,negative,See what you started now @nytimes RT @JetBlue: Our fleet's on fleek. http://t.co/atd2Sm8HF4,2,6906,0
7956,negative,@JetBlue just called that number and left message. Are you at to pass along message to team too?,2,7956,0
14493,negative,@AmericanAir flight was 2488 out of EWR STOP AT DALLAS THEN TO LA. I need to be in la tonight!,2,14493,0
9637,negative,@USAirways I love how just to give feedback to this link I have to fill out all my personal info on a form.  You guys are the best :),2,9637,1
6645,negative,@SouthwestAir can i have my bags back   ding!!,2,6645,0
289,negative,@VirginAmerica soooo are you guys going to leave the seatbelt light on all flight? You can barely call this turbulence :-),2,289,0
1357,negative,@united … But friendly efficient air attendants in coach #UA992 http://t.co/49pV3KcHNR,2,1357,1
7604,negative,"@JetBlue is JFK still closed? Tryna get out of Ft Lauderdale on flight 502, just want to get home to nyc!",2,7604,0
82,negative,@VirginAmerica you're the best!! Whenever I (begrudgingly) use any other airline I'm delayed and Late Flight :(,2,82,1
3784,negative,"@united my plane sounds like  a DJ  scratching is this normal? If so, will this eventually be a new entertainment fee.",2,3784,0
9056,negative,@usairways Ok thank you…I call from Spain to US for seating assistance!,2,9056,1
14486,negative,"@AmericanAir first the pilot, then the catering...",2,14486,0
7292,negative,@JetBlue thank you! Hopefully it's soon! We are supposed to leave at 11:23,2,7292,1
4517,negative,@SouthwestAir When will your phone agents be able to give the correct departure times for CUN? When can we checkin online for international?,2,4517,0
980,negative,@united I think DM would be better,2,980,0
8903,negative,@JetBlue 117 days maybe.,2,8903,0
9359,negative,@USAirways @united really know how to leave someone stranded after a funeral. Props to you guys. Really making this the perfect Monday.,2,9359,1
4473,negative,@SouthwestAir would be great if I atleast was next to my husband who is flying in the same reservation,2,4473,0
5540,negative,@SouthwestAir I would die if I got tickets to #DestinationDragons and you would be invited to my funeral,2,5540,0
10493,negative,"@USAirways comin in clutch and sending me to Charlotte then home, I h8 u @AmericanAir, except for Wayne u a real g #ThankJesus #ThankMe",2,10493,1
4363,negative,@SouthwestAir thx but I'll be expecting a credit for this leg.,2,4363,0
7211,negative,"@JetBlue I would like to communicate directly with a ""Customer Experience"" executive. Does Joanna Geraghty have an email address?",2,7211,0
6060,negative,@SouthwestAir how it feels on flight 4251 http://t.co/JM8gQ1KGrF,2,6060,0
5854,negative,@SouthwestAir flight # 317,2,5854,0
7316,negative,"@JetBlue after boarding flight 0510, the captain informs that he could exceed the16 hrs regulation and turned the plane around. Incredible!",2,7316,1
4986,negative,@SouthwestAir could I get a phone call from a customer service rep to get the issue resolved?,2,4986,0
1426,negative,@united it will be on a different airline.,2,1426,0
7047,negative,Sir. RT @JetBlue: Our fleet's on fleek. http://t.co/F5IXyw8XyB,2,7047,0
8883,negative,@JetBlue I'll give u a chance but I don't think I'll fall for it #backtodelta,2,8883,0
7546,negative,"@JetBlue where is the ""award winning service""?",2,7546,0
8261,negative,@JetBlue walked from the gate to the just ask desk by gate 1 http://t.co/p6ucbVlv5E,2,8261,0
10721,negative,@USAirways Just to follow up here is my experience: http://t.co/WJIiGZtiwg,2,10721,0
3991,negative,"@united this is in ur Hemispheres magazine. I'm open to what will u do to make the ""flight more pleasant."" http://t.co/VrQDpqEPFW",2,3991,0
334,negative,@VirginAmerica I requested a mileage challenge for status several weeks ago online but haven't heard back. How do I get help with this?,2,334,0
5732,negative,@SouthwestAir  Glad to see you know how to keep the money in your own pockets. 'Thanks' for the voucher in return for lost bag.,2,5732,1
11180,negative,@usairways if you could change your name to @southwestair and do what they do...that'd be awesome. Also this plane smells like onion rings.,2,11180,1
11588,negative,@USAirways your saving grace was our flight attendant Dallas who was amazing. wish he would transfer to Delta where I would see him again,2,11588,1
4306,negative,@united what if business as usual meant dropping the bully mentality and fostering inspiration for a greater business #EmployeeRelations,2,4306,0
13920,negative,"@AmericanAir Thanks - I note some, but not all, flights are Cancelled Flightled - are only some aircraft/runways working out of DFW today/tomorrow?",2,13920,0
13536,negative,@AmericanAir how do I see your report team?,2,13536,0
6937,negative,@JetBlue does transferring trueblue points within family pooling members cost $? This is after having set up contribution-to-pool already.,2,6937,0
3311,negative,@united Donna and Juan still the best in the United Club_ too bad UAL does not get it,2,3311,1
9204,negative,"@usairways  US1799 CLT-&gt;SFO in first no desert, no snack basket. Incoming was on time ? What’s up?",2,9204,0
11341,negative,@USAirways I don't think I've ever had a us airways flight that went smoothly.,2,11341,1
2197,negative,@united Anyone there? Did you read my DM?,2,2197,0
5662,negative,"@SouthwestAir y airline I fly with, but haven't seen anything like this yet!",2,5662,0
7050,negative,"Stop the madness ""@JetBlue: Our fleet's on fleek. http://t.co/Q5a7jtkI5K”",2,7050,0
4701,negative,"@SouthwestAir Hello remaining credits on your account will be refunded back to your credit card, when you choose a lower price flight?",2,4701,0
13357,negative,"@AmericanAir  when do you anticipate decisions for Cancelled Flightlations at DFW tomorrow morning? Need to rearrange hotel reservations, etc. ASAP!",2,13357,0
2350,negative,@united is probably the least satisfactory airline I've ever been on. Never fails to disappoint.,2,2350,1
3546,negative,@united I can't tell/purchase through the website because they put us on a Lufthansa flight for the first leg.,2,3546,0
10776,negative,@USAirways How do I get through?,2,10776,0
8683,negative,@JetBlue @philpete wonder if that's the pilot tweeting you back? Is it legal to tweet and fly? What if the plane in front stops suddenly?,2,8683,0
11227,negative,@USAirways lol thanks to you we had to switch to American http://t.co/Sl6BDRXfN8,2,11227,1
6711,negative,@SouthwestAir discount for three delays?,2,6711,0
4611,negative,@SouthwestAir do these scavenger hunt  locations have anything in common because I'm playing detective trying to figure out the one for ATL.,2,4611,0
5474,negative,@SouthwestAir I'm in line at the airport right now. Will you cover hotel fair or am I to sleep in the airport?,2,5474,0
10075,negative,@USairways E190 lands without nose gear in Houston - @Flightglobal http://t.co/Yf9NhMwyFF,2,10075,0
10803,negative,"@USAirways right, can you use a shuttle ticket from LGA to BOS for any shuttle flight? Probably gonna miss the 4pm.",2,10803,0
11217,negative,@USAirways I do to as I have an afternoon Conference in Las Vegas and I would rather plan ahead than run thru the airport and then attempt,2,11217,0
13395,negative,@AmericanAir work would be much better with my lesson plans and music for my classes today.,2,13395,0
1143,negative,@united We're hoping to hear from you actually.,2,1143,0
11449,negative,"@USAirways do families no longer get early boarding with young kids?  American, your new parent, gives it to us...",2,11449,0
2442,negative,@united let me assure you my travel time is 4h2m not 5h2m #timezones #accuratetraveltimes #3rdtimethishashappened http://t.co/e0C9bI09cf,2,2442,0
752,negative,@united The bright side would be keeping the promise that was made to me. Hope you're having a good night. Thanks.,2,752,1
7334,negative,@JetBlue your gif game is strong.,2,7334,1
3246,negative,“@united: @RobCNYC See information on our boarding process: http://t.co/gBIw9ugFNm ^KP”. I get group 1&amp;2. Just no reason on 3/5.,2,3246,0
12986,negative,"@AmericanAir Hello, question, How many balloons do you think it will take to life up one of your planes?",2,12986,0
10052,negative,@USAirways No thank you. @AmericanAir was responsive &amp; I found alternate travel home.,2,10052,1
2163,negative,"@united when I read it say ' in some cases' can you please define this for me, when for example would it not be the case?",2,2163,0
6034,negative,@SouthwestAir is main supporter of play where Jesus is portrayed as homosexual partner of Judas and who performs a “gay wedding” #boycott,2,6034,0
7436,negative,@JetBlue Good perspective. If only this safety concern had been expressed at some point before I arrived at the airport. #communicationiskey,2,7436,1
13774,negative,@AmericanAir Weather was not involved.,2,13774,0
8779,negative,@JetBlue where exactly can I leave a note,2,8779,0
2253,negative,"@united thank you for leaving my bag in houston! despite what your system says, i was definitely on the flight!",2,2253,1
10696,negative,@USAirways transferred 4x pleeeeeeeease help!,2,10696,0
7897,negative,"@JetBlue It's not ideal, but it's okay. Better Late Flight than never! :)",2,7897,1
2705,negative,@united thank you for the reply. I emailed your customer care department about my experience.,2,2705,1
7108,negative,Jet BOOOO 🍅🍅🍅🍅 RT @JetBlue: Our fleet's on fleek. http://t.co/0WbJAWx7xD,2,7108,0
3389,negative,@united Case ID 8544484,2,3389,0
10059,negative,@USAirways are the bags off Flight 1898 CLT to JFK? We landed last night just before midnight.,2,10059,0
4197,negative,"@united Thank you. Yes, I was hoping to speak with someone directly, but appreciate the link nonetheless. :)",2,4197,1
14077,negative,"@AmericanAir well done, you have taken the fun out of air travel @PHLAirport",2,14077,1
419,negative,@VirginAmerica When will VX use all 6 LGA slots instead of 4 today? Adding AUS makes this less likely :(,2,419,0
12926,negative,"@AmericanAir for tomorrow some sites show flight 1642 from ewr Cancelled Flightled, is it?",2,12926,0
6147,negative,"@SouthwestAir @LeeAnnHealey I was all, yeah sale fares! I got places to fly! Oh damn, right, I live where SWA doesn't fly. #why",2,6147,0
4515,negative,@SouthwestAir wifi stays connected about the lifetime of a higgs boson,2,4515,0
6840,positive,@JetBlue sooo earlier i said i couldnt fly with you for my school trip but now i can! 😏,1,6840,0
13384,positive,@AmericanAir  thanks hoping that by wed I can get back to DFW,1,13384,0
2768,positive,@united all good man it isn't your fault that plane is having maintenance issues,1,2768,2
7160,positive,LMAO “@JetBlue: Our fleet's on fleek. http://t.co/aIyC9WV5oq”,1,7160,0
8954,positive,@JetBlue to offer service from Daytona Beach to New York - Albany Business Review http://t.co/dUhBJ41jHx,1,8954,0
11610,positive,"@USAirways TYVM USAir, Happy Night@ &lt;3",1,11610,0
9500,positive,@USAirways over the phone. I called the 6170 number and she picked up almost immediately.,1,9500,0
7572,positive,"@JetBlue if I had my tux, it'd be a date! #UMosaicMeCrazy http://t.co/hap4gboSTU",1,7572,0
4623,positive,@SouthwestAir Can a pair of tickets waiting for me after my sports practice? I live here and definitely know where that is! @Imaginedragons,1,4623,0
2866,positive,@united On the plane but thanks! Maybe don't let so many people check in by themselves - teeming with morons.,1,2866,2
11181,positive,@USAirways #tbt every day.,1,11181,2
1840,positive,@united will do. Just need to get CVG.... and my bag too. Thanks,1,1840,0
12327,positive,"@AmericanAir thanks for the recommendation. We've been sitting here for 45 minutes, last update was 35 min ago.",1,12327,2
8400,positive,@JetBlue TA off site at #thelodge. Should be a fun day. @YeniettElswood @AndrewBiga @CodyCleverly @HeidiMacey @motherpollock,1,8400,2
11360,positive,@USAirways we haven't departed yet so let's not get too high hopes.  But everything has been on schedule so far,1,11360,2
358,positive,"@VirginAmerica just promoting the product is all, had a problem with southwest and recommend noneother than the best! http://t.co/tFaNXBh1Cf",1,358,2
3516,positive,"@united all goods, I'll call tomorrow, thanks.",1,3516,0
11089,positive,@USAirways thanks.  If you have another method also that would be nice.  Appears to be a design flaw,1,11089,0
663,positive,@united private jet would have been cool! Do does not work. I'll try again,1,663,2
1762,positive,@united this is why I fly @SouthwestAir ... Never have any issues,1,1762,2
7673,positive,@JetBlue Thanks for taking me back home today despite Pandora's best efforts to Cancelled Flight the flight. #jetblue #backhome #noplacelikehome,1,7673,2
9721,positive,"@USAirways - Janet &amp; my DEN-PHL  flight Cancelled Flightled Saturday, USAIR rescheduled automatically &amp; notified us by email at no additional cost.",1,9721,2
7525,positive,@JetBlue flight to Orlando is unable to serve hot bevies.... So they've made movies and alcohol complimentary. That works,1,7525,2
10976,positive,@USAirways we will...sunday! Just a few days away,1,10976,0
11992,positive,@AmericanAir None of the #LAX flights into #DFW have been Cancelled Flightled. Those landing before and after ours are fine. Completely arbitrary.,1,11992,2
10491,positive,@USAirways sitting on a plane in Philadelphia for over 20 minutes waiting just to get off the plane. Great service!,1,10491,2
9240,positive,@USAirways @AmericanAir Can you bring guinea pigs in small pet carrier onboard your flights?,1,9240,0
7040,positive,Why “@JetBlue: Our fleet's on fleek. http://t.co/a7NvbJ8ipx”,1,7040,0
5558,positive,@SouthwestAir so excited about our last minute trip to @Disneyland (and she doesn't know yet!) http://t.co/nKAFbjyARi,1,5558,0
12016,positive,@AmericanAir I was happy to purchase the upgrade. If only it was avail on my next flight.,1,12016,2
13053,positive,"@AmericanAir Thanks gang! Mind if I ask, do you handle all of your Social Media in house?",1,13053,0
7558,positive,@JetBlue things happen it's ok just wish I was on the beach and not in the airport,1,7558,0
7090,positive,“@JetBlue: Our fleet's on fleek. http://t.co/3kVkd8yRxa” + lol wow,1,7090,0
3566,positive,"@united yes, Thx! At 10:35 (landed at 9:20).",1,3566,0
1051,positive,"@united that would help! or how about integrate it into the App so I can just ""activate"" it and surf...",1,1051,0
1727,positive,"@united thx off the response, finally got through the 45 min wait and talked to someone.",1,1727,2
1617,positive,@united thanks for updating me about the 1+ hour delay the exact second I got to ATL. 🙅🙅🙅,1,1617,2
8,positive,"@virginamerica Well, I didn't…but NOW I DO! :-D",1,8,0
9714,positive,@USairways Since I am a loyal USAir customer I am sure that they will make this up to me-right now I want to get home &amp; back to work.,1,9714,2
5882,positive,@SouthwestAir Luvin me some flights today!! Don't change!!  And please add Paypal as payment option!!!,1,5882,0
2160,positive,@united so is that two seats avail so far for us.,1,2160,2
4552,positive,@SouthwestAir beyond ready,1,4552,0
12402,positive,@AmericanAir ...have you seen Blue? Go look it up :),1,12402,0
2282,positive,"@united After an hour+ wait, my issue is resolved. I did contact customer service to comment on the wait time. Thanks for contacting me.",1,2282,2
421,positive,@VirginAmerica I luv ur people and product! 1 thing is y do u charge for herbal tea but not black tea? I'm not a caffeine drinker,1,421,0
775,positive,@united But thanks for asking,1,775,0
4246,positive,@united stay warm - I will be passing through Chicago next week,1,4246,0
1626,positive,@united Resolved. Over hour of work on  ground &amp; somehow the system reset itself during takeoff. I appreciate the quick response/service.,1,1626,2
3963,positive,@united :take note of this great example of @JetBlue actually making good for an extremely inconvenient situation. http://t.co/t3Gnk2N7LD,1,3963,2
11939,positive,"@AmericanAir @RobertDwyer AA doesnt charge any fees to change award tickets as long as the origin, destination &amp; award type remains the same",1,11939,0
5711,positive,@SouthwestAir save mile to visit family in 2015 and this will impact how many times I can see my mother.  I planned and you change the rules,1,5711,2
11795,positive,@USAirways customer service at its finest,1,11795,2
1187,positive,@united The DEN b44 agent (9:30am) was amazing. The MPAgent at check in? She sucks. @seanMFmadden @PeterStraubMMA @jmercadoMMA @TonySimsMMA,1,1187,2
6733,positive,@SouthwestAir thanks do yall expect to be operational tomorrow out of Nashville?,1,6733,0
9378,positive,@USAirways - Huge props to Parizad at checkin in Sacramento for her help on Friday to get 3 of us home when other airlines were delayed,1,9378,2
4022,positive,"@united be  ""Chicago's hometown airline"" care about your neighbors #SaveTheDiagonals #FlyQuiet #ORDNoise",1,4022,0
6081,positive,@SouthwestAir can i get tiks for #DestinationDragons omg id love to! Plz 😱❤️im dying,1,6081,0
2591,positive,"@United, will you fill it? Yes they will. Thanks! #BringYourOwn, @kleankanteen http://t.co/daaa0rqBXW",1,2591,0
12245,positive,@AmericanAir oh it's nothing my issue was already resolved and I am in the air,1,12245,2
7615,positive,What can I say other than when it comes to my #BrandLoveAffair w/ @jetblue ur my #soulandinspiration https://t.co/IGkoGyWksr #umosaicmecrazy,1,7615,0
3654,positive,"@united landing in anchorage, then on our way to fairbanks! http://t.co/FjkvQMbmaS",1,3654,0
3973,positive,"@united That made me so mad, but then I called the bag number, and that person was helpful and told me where the bag really was. (2/2)",1,3973,2
7828,positive,"@JetBlue Thanks. Still booked our trip 3/13-17 LB to SLC to see grand kids.  Just very frustrating. Tried app, web, etc. Still love u guys!",1,7828,2
716,positive,@united thank you. Been trying for two days to set this up.,1,716,2
14261,positive,@AmericanAir shoutout to the agent on duty now @ Gate B1 #ABQ / outstanding customer service w delayed FLT 336 http://t.co/OoEJ4d4JoP,1,14261,2
12444,positive,"@AmericanAir @USAirways Statement wasn't sent yesterday like Jeanine said. After I even called last night as well. Again, excellent service",1,12444,2
5873,positive,@SouthwestAir me &amp; @sammi_jon3s are best friends because of @Imaginedragons. Any chance we could get tickets to #DestinationDragons ?,1,5873,0
4198,positive,@united Sure did! Only waited about 15min. Yay!,1,4198,2
7468,positive,@JetBlue my email is my twitter handle followed by gmail ☺👍👍,1,7468,0
13494,positive,@AmericanAir would also like say kind move on adding the points !,1,13494,0
8057,positive,@JetBlue totally would have.... but the outside view was even more camera ready haha #EvenMoreSpace #EvenMoreView http://t.co/dXuX6DBfd3,1,8057,2
6935,positive,Stop. Please. RT @JetBlue: Our fleet's on fleek. http://t.co/EUl6sDURbU,1,6935,2
6343,positive,"@SouthwestAir Oh no worries NL, no disappointments here. Better to have NO lounges than like #Delta who has them but does disappoint!",1,6343,2
8267,positive,@JetBlue keep going back and forth with being able to board and then not. But great agents in savannah!,1,8267,2
690,positive,@united kudos for not Cancelled Flightling flights from DFW this morning.   United usually first to panic...,1,690,2
2412,positive,@united I will. Thanks.,1,2412,0
189,positive,@VirginAmerica you will match my #AmericanAirlines status? Cool!,1,189,0
4057,positive,@united thanks for not getting my BusinessFirst priority tagged bag onto my connecting flight at EWR despite a 2+ hour layover. Nice job,1,4057,2
11664,positive,"@USAirways thx 4 replying. After trying 2 get thru many times, &amp; v-mail or people hanging up on, us we talked 2 tech...cont'd",1,11664,2
3886,positive,@united Club in Denver is dope 👌,1,3886,0
8036,positive,@JetBlue heading to Buffalo... trading the cold in Boston for colder in Buffalo... Maybe the Caribbean next time?,1,8036,0
8717,positive,@JetBlue it's been a while since I've angry tweeted an airline. Apparently you read my mind before I could bitch. Thank you for the credit.,1,8717,2
3815,positive,"@united Thanks for explanation. It seems like an odd incentive structure, tho, because it dramatically diminishes the value of the certs.",1,3815,2
6823,positive,@JetBlue A320 pulling into the gate as the sunrises here at @BostonLogan this morning #jetbluesofly #jetblue #airbus http://t.co/JGdu5us8Dz,1,6823,0
378,positive,"@VirginAmerica For my Grandma Ella's 80th, she would &lt;3 a bday greeting from your flight crew! She was a stewardess for Eastern Airlines.",1,378,0
5527,positive,@SouthwestAir I will do just about anything tO GO TO THE VEGAS SHOW PLEASE MAN,1,5527,0
7678,positive,@JetBlue is amazing. Had a short delay. They gave me $150 credit! It was literally pretty much my fault I missed the flight.,1,7678,2
589,positive,"@united 441, which also had 1 working WC in coach. Good thing this bird landed ahead of schedule. I have to use the WC stat.",1,589,2
